_181500668,180
_181500295,180
_181500363,180
_181500721,180
_181500609,180
_181500492,180
_181500298,180
_181500313,180
_191599010,180
_181500036,180
_181500768,180
_181500320,180
_181500160,180
_181500774,180
_181500632,180
_181500749,180
_181500206,180
_181500392,180
_181500653,180
_181500732,180
_181500242,167.14
_181500587,162.86
_181500378,160
_181500414,160
_181500047,160
_181500669,160
_181500382,160
_181500835,160
_181500824,150
_181500654,150
_181500582,150
_181500019,150
_181500508,150
_181500458,150
_181500708,150
_181500509,150
_181500170,140
_181500615,140
BhanuMaxias,140
_181500202,130
_181500356,130
_181500594,130
_181500126,120
_181500342,120
_181500809,120
_181500372,120
_181500624,120
_181500219,120
abhishekjais22,120
_181500198,100
_181500169,100
_181500745,90
_181500148,90
_181500056,80
_181500261,80
_181500217,80
_181500395,60
[deleted],60
_181500798,60
_181500566,20
pandey143sonu,0
