_181500045,120
_181500649,116
_181500756,112
_181500332,100
_181500319,100
_181500181,100
_181500740,100
_181500578,100
_181500112,100
_181500688,100
_181500551,100
_181500129,100
_181500723,100
_181500231,100
_181500710,100
_181500068,100
_181500046,100
_181500460,80
_181500338,80
_181500454,80
_181500777,80
_181500780,80
_181500008,80
_181500152,80
_181500503,80
_181500445,80
_181500481,80
_181500156,80
_181500351,80
181500087__,80
_181500106,80
_181500213,80
_181500127,80
_181500652,80
_181500568,60
_181500447,60
_181500286,60
_181500240,60
_181500037,60
_181500628,60
_181500316,60
_181500536,60
harsh9876,60
_181500572,60
_181500739,60
_181500244,60
_181500252,60
_181500335,52
_181500009,40
_181500254,40
_181500012,40
_181500199,40
A_171500043,40
_181500042,40
_181500476,40
_181500255,40
_181500246,40
_181500308,40
_181500541,40
_181500427,32
singhishika575,20
_171500043,20
Devashish_cs18,0
abhip1,0
