_181500475,60
_181500762,60
_181500829,60
_181500562,60
_181500625,60
_181500792,60
_181500486,60
_181500423,60
_181500767,60
_181500498,60
_181500017,60
_181500417,60
_181500801,60
_181500781,60
_181500422,60
_181500410,60
_181500292,60
_181500413,60
_181500783,60
_181500555,60
_181500032,60
_181500581,60
_181500678,60
_181500703,60
_181500528,60
_181500627,60
_181500529,60
_181500507,60
_181500370,60
_181500124,60
_181500125,60
_181500192,60
_181500066,60
[deleted],60
_181500411,60
_181500394,60
_181500714,60
_181500611,60
_181500343,60
_181500336,60
_181500598,60
_181500040,60
_181500606,60
_181500270,60
_181500272,60
jai_xvi,60
_181500303,60
_181500096,60
_181500053,60
[deleted],60
_181500608,60
_181500376,60
_181500554,60
_181500524,60
_181500135,40
_181500289,40
_181500495,40
_181500144,20
_181500059,20
its_rishabh624,0
