_181500497,120
_181500373,120
_181500315,120
_181500641,120
_181500760,112
_181500793,112
_181500569,112
_181500590,112
_181500346,100
_181500311,100
_181500150,100
_181500337,100
_181500583,100
_181500190,100
_181500696,100
_181500830,100
_181500238,100
_181500294,100
_181500302,100
_181500109,100
_181500643,100
_181500091,100
_181500377,100
_181500728,100
_181500330,100
_181500403,100
_181500803,100
_181500307,100
_181500104,100
_181500799,100
_181500438,100
_181500523,100
_181500421,100
_181500117,100
_181500397,100
_181500401,100
_181500081,100
_181500077,100
_181500225,100
_181500704,100
_181500072,100
_181500588,100
_181500312,100
_181500825,100
_181500326,100
_181500819,100
_181500210,100
_181500182,100
_181500441,100
_181500738,80
_181500136,80
_181500482,80
_181500559,80
Mohit181500390,60
_181500787,60
_181500675,60
_191599009,60
_181500222,60
_181500054,60
_181500341,60
_181500364,60
_181500390,60
_181500151,40
_181500339,40
_181500737,40
_181500795,20
coderkabh,0
