_181500745,60
_181500824,60
_181500668,60
_181500342,60
_181500654,60
_181500295,60
_181500242,60
_181500148,60
_181500587,60
_181500721,60
_181500582,60
_181500508,60
_181500363,60
_181500036,60
_181500298,60
_191599010,60
_181500160,60
_181500170,60
_181500669,60
_181500206,60
_181500708,60
_181500056,60
_181500774,60
BhanuMaxias,60
_181500313,60
_181500798,60
_181500768,60
_181500198,60
_181500492,60
_181500169,60
_181500609,60
_181500632,60
_181500809,60
_181500320,60
_181500749,60
_181500261,60
_181500458,60
_181500019,60
_181500372,60
_181500624,60
_181500509,60
_181500653,60
_181500392,60
abhishekjais22,60
_181500219,60
_181500732,60
_181500378,40
_181500414,40
_181500202,40
_181500356,40
_181500594,40
_181500047,40
_181500382,40
_181500835,40
_181500615,20
_181500217,20
pandey143sonu,0
_181500395,0
