_181500510,120
_181500328,120
_181500264,120
_171500174,120
_171500333,120
_171500232,120
_181500329,120
harshvcode,120
_171500272,120
_181500086,120
_181500597,120
_181500116,120
_181500478,120
_181500682,120
_181500433,120
_181500645,120
_181500367,115
_181500805,100
_181500277,100
_181500763,100
_181500088,100
_181500097,100
_181500208,100
_181500188,70
_181500006,60
_181500734,60
_181500744,60
Vishal_812,60
_181500268,60
_181500388,60
_181500154,60
_181500358,60
_181500063,60
_181500432,60
_181500521,60
_181500223,60
_181500752,60
_181500229,40
_181500023,40
_181500347,40
_181500241,40
_181500535,40
_181500698,40
prakhar_singh_c1,40
_181500700,20
_181500548,20
_181500604,20
astitva2000,20
_181500526,20
_181500776,20
_181500812,20
_181500766,5
_181500185,0
